{"cameraMode":{"drawMode":0,"name":"Shaded","section":"Shading Mode"},"sceneLighting":true,"audioPlay":false,"sceneViewState":{"showFog":true,"showMaterialUpdate":false,"showSkybox":true,"showFlares":true,"showImageEffects":true,"showParticleSystems":true,"showVisualEffectGraphs":true,"m_FxEnabled":true},"in2DMode":false,"pivot":{"x":0.0590340793132782,"y":-27.81636619567871,"z":35.296871185302737},"rotation":{"x":-0.33566421270370486,"y":0.0019759146962314846,"z":-0.0007045257952995598,"w":-0.9419821500778198},"size":26.805898666381837,"orthographic":false}