{"cameraMode":{"drawMode":0,"name":"Shaded","section":"Shading Mode"},"sceneLighting":true,"audioPlay":false,"sceneViewState":{"showFog":true,"showMaterialUpdate":false,"showSkybox":true,"showFlares":true,"showImageEffects":true,"showParticleSystems":true,"showVisualEffectGraphs":true,"m_FxEnabled":true},"in2DMode":false,"pivot":{"x":0.05946168303489685,"y":-27.940805435180665,"z":35.194976806640628},"rotation":{"x":-0.3370768129825592,"y":0.001974855549633503,"z":-0.0007074889144860208,"w":-0.9414775967597961},"size":26.805898666381837,"orthographic":false}